vertion,1
checkposition,1
FullName,Vaule1,value2,value3,value4
_var_begin
TPR1_En,,OFF,,
_var_begin
TPR1_PT,,0,,
_var_begin
TPR1_Rst,,OFF,,
_var_begin
TPR1_Q,,OFF,,
_var_begin
TPR1_ET,,0,,
_var_begin
iAOCalStatus,,,,
iZioCalStatus,,,,
_var_begin
iAICalStatus,,,,
_var_begin
iConvEn,,,,
_var_begin
iConvDatatype,,,,
_var_begin
bRdCfg,,,,
xRdCfg,,,,
_var_begin
bRdCfgDone,,,,
xRdCfgDone,,,,
_var_begin
var_1,,,,
xRdCfgError,,,,
_var_begin
iRdCfgErrorId,,,,
_var_begin
iDevType,,,,
_var_begin
var_1,,,,
xADCCfg1,,,,
xWrCfg1,,,,
_var_begin
bWrCfg,,,,
xADCCfg2,,,,
xWrCfg2,,,,
_var_begin
iWrBuf,,,,
_var_begin
bWrCfg1Done,,,,
bWrCfgDone,,,,
xWrCfg1Done,,,,
_var_begin
var_1,,,,
xWrCfg2Done,,,,
_var_begin
bWrCfg1Error,,,,
bWrCfgError,,,,
xWrCfg1Error,,,,
_var_begin
var_1,,,,
xWrCfg2Error,,,,
_var_begin
diWrCfg1ErrorId,,,,
iWrCfg1ErrorId,,,,
_var_begin
diWrCfg2ErrorId,,,,
iWrCfg2ErrorId,,,,
_var_begin
bRdData,,,,
_var_begin
iDataBuf,,,,
iDataBuf[0],,,,
iDataBuf[10],,,,
iDataBuf[11],,,,
iDataBuf[12],,,,
iDataBuf[13],,,,
iDataBuf[14],,,,
iDataBuf[15],,,,
iDataBuf[16],,,,
iDataBuf[17],,,,
iDataBuf[18],,,,
iDataBuf[19],,,,
iDataBuf[1],,,,
iDataBuf[20],,,,
iDataBuf[21],,,,
iDataBuf[22],,,,
iDataBuf[23],,,,
iDataBuf[24],,,,
iDataBuf[25],,,,
iDataBuf[26],,,,
iDataBuf[27],,,,
iDataBuf[28],,,,
iDataBuf[29],,,,
iDataBuf[2],,,,
iDataBuf[30],,,,
iDataBuf[31],,,,
iDataBuf[32],,,,
iDataBuf[33],,,,
iDataBuf[34],,,,
iDataBuf[35],,,,
iDataBuf[36],,,,
iDataBuf[37],,,,
iDataBuf[38],,,,
iDataBuf[39],,,,
iDataBuf[3],,,,
iDataBuf[40],,,,
iDataBuf[41],,,,
iDataBuf[42],,,,
iDataBuf[43],,,,
iDataBuf[44],,,,
iDataBuf[4],,,,
iDataBuf[5],,,,
iDataBuf[6],,,,
iDataBuf[7],,,,
iDataBuf[8],,,,
iDataBuf[9],,,,
_var_begin
bRdDataDone,,,,
_var_begin
bRdDataError,,,,
_var_begin
ModuleSel,,,,
_var_begin
bAOCal_Start,,,,
bCal_start,,,,
_var_begin
iZioAOSel,,,,
_var_begin
iAOCalPntRet,,,,
xAOCalPntRet,,,,
_var_begin
iAOCal_Pnt_Max,,,,
_var_begin
bAOCalTimeOut,,,,
_var_begin
diAOCalTimeout,,,,
_var_begin
TPR2_En,,,,
_var_begin
TPR2_PT,,,,
_var_begin
TPR2_Rst,,,,
_var_begin
TPR2_ET,,,,
_var_begin
TPR2_Q,,,,
_var_begin
bDebug,,,,
_var_begin
iZioAOItem,,,,
_var_begin
bCalSuccess,,,,
xAOCalSuccess,,,,
xCalSuccess,,,,
_var_begin
bCalFailed,,,,
xAOCalFailed,,,,
xCalFailed,,,,
_var_begin
bCalAgain,,,,
xCalAgain,,,,
_var_begin
bCalAgainConfirm,,,,
xCalAgainConfirm,,,,
_var_begin
iZioAIItem,,,,
_var_begin
iZioAISel,,,,
_var_begin
iZioDOItem,,,,
_var_begin
iZioTestState,,,,
_var_begin
iDOTestState,,,,
_var_begin
iZioDOSel,,,,
_var_begin
bDOTestFailed,,,,
_var_begin
bDOTestSuccess,,,,
_var_begin
iBarCnt,,,,
_var_begin
TPR3_En,,,,
_var_begin
TPR3_PT,,,,
_var_begin
TPR3_Rst,,,,
_var_begin
TPR3_Q,,,,
_var_begin
TPR3_ET,,,,
_var_begin
i,,,,
_var_begin
xDO_N,,,,
_var_begin
xDO_P,,,,
_var_begin
xDI_N,,,,
_var_begin
xDI_P,,,,
_var_begin
iZioDIItem,,,,
_var_begin
iDITestState,,,,
_var_begin
bDITestSuccess,,,,
_var_begin
bDITestFailed,,,,
_var_begin
iZioDISel,,,,
_var_begin
TPR_En,,,,
_var_begin
TPR_Pt,,,,
_var_begin
TPR_Rst,,,,
_var_begin
TPR_Q,,,,
_var_begin
TPR_Et,,,,
_var_begin
Timer1Cnt,,,,
TimerCnt1,,,,
_var_begin
Timer2Cnt,,,,
TimerCnt2,,,,
_var_begin
Timer3Cnt,,,,
TimerCnt3,,,,
_var_begin
Timer1CntMax,,,,
TimerCnt1Max,,,,
_var_begin
Timer2CntMax,,,,
TimerCnt2Max,,,,
_var_begin
Timer3CntMax,,,,
TimerCnt3Max,,,,
_var_begin
iChnMax,,,,
_var_begin
bDOEasy,,,,
bDOEasy[0],,,,
bDOEasy[1],,,,
bDOEasy[2],,,,
bDOEasy[3],,,,
bDOEasy[4],,,,
bDOEasy[5],,,,
bDOEasy[6],,,,
bDOEasy[7],,,,
_var_begin
bDI_ChnCheck,,,,
bDI_ChnCheck[0],,,,
bDI_ChnCheck[1],,,,
bDI_ChnCheck[2],,,,
bDI_ChnCheck[3],,,,
bDI_ChnCheck[4],,,,
bDI_ChnCheck[5],,,,
bDI_ChnCheck[6],,,,
bDI_ChnCheck[7],,,,
_var_begin
iAOTestState,,,,
_var_begin
bAOTestSuccess,,,,
_var_begin
diAICalTimeout,,,,
_var_begin
bAOTestFailed,,,,
_var_begin
iTestPnt,,,,
_var_begin
iTestPntMax,,,,
_var_begin
fAOVal,,,,
fAOVal[0],,,,
fAOVal[1],,,,
fAOVal[2],,,,
fAOVal[3],,,,
fAOVal[4],,,,
fAOVal[5],,,,
fAOVal[6],,,,
fAOVal[7],,,,
_var_begin
iAOTestRet,,,,
_var_begin
iAITestState,,,,
_var_begin
bAITestSuccess,,,,
_var_begin
bAITestFailed,,,,
_var_begin
iZio8DI8DOItem,,,,
iZioDDItem,,,,
_var_begin
iZioCPItem,,,,
iZioZCPItem,,,,
_var_begin
i8DI8DOTestState,,,,
iDDTestState,,,,
_var_begin
bDDTestSuccess,,,,
xDDTestSuccess,,,,
_var_begin
bDDTestFailed,,,,
xDDTestFailed,,,,
_var_begin
iZioDDSel,,,,
_var_begin
bDIEasy,,,,
bDIEasy[0],,,,
bDIEasy[1],,,,
bDIEasy[2],,,,
bDIEasy[3],,,,
bDIEasy[4],,,,
bDIEasy[5],,,,
bDIEasy[6],,,,
bDIEasy[7],,,,
_var_begin
bDDO_N0,,,,
bDDO_N0[0],,,,
bDDO_N0[1],,,,
bDDO_N0[2],,,,
bDDO_N0[3],,,,
bDDO_N0[4],,,,
bDDO_N0[5],,,,
bDDO_N0[6],,,,
bDDO_N0[7],,,,
_var_begin
bDDI_N0,,,,
bDDI_N0[0],,,,
bDDI_N0[1],,,,
bDDI_N0[2],,,,
bDDI_N0[3],,,,
bDDI_N0[4],,,,
bDDI_N0[5],,,,
bDDI_N0[6],,,,
bDDI_N0[7],,,,
_var_begin
iDDITestState,,,,
_var_begin
bDDI_OK,,,,
_var_begin
bDDO_P0,,,,
bDDO_P0[0],,,,
bDDO_P0[1],,,,
bDDO_P0[2],,,,
bDDO_P0[3],,,,
bDDO_P0[4],,,,
bDDO_P0[5],,,,
bDDO_P0[6],,,,
bDDO_P0[7],,,,
_var_begin
bDDI_P0,,,,
bDDI_P0[0],,,,
bDDI_P0[1],,,,
bDDI_P0[2],,,,
bDDI_P0[3],,,,
bDDI_P0[4],,,,
bDDI_P0[5],,,,
bDDI_P0[6],,,,
bDDI_P0[7],,,,
_var_begin
TPR4_En,,,,
_var_begin
TPR4_PT,,,,
_var_begin
TPR4_Rst,,,,
_var_begin
TPR4_Q,,,,
_var_begin
TPR4_ET,,,,
_var_begin
bDDLEDSuccess,,,,
_var_begin
ESI_ID,,,,
iDD_ESI_ID,,,,
_var_begin
ESI_WR_EN,,,,
_var_begin
ESI_WR_RET,,,,
_var_begin
TPR5_En,,,,
_var_begin
TPR5_PT,,,,
_var_begin
TPR5_Rst,,,,
_var_begin
TPR5_Q,,,,
_var_begin
TPR5_ET,,,,
_var_begin
iEsiBarCnt,,,,
_var_begin
Device_ID,,,,
PID_DO,,,,
_var_begin
PID_DI,,,,
_var_begin
PID_AO,,,,
_var_begin
PID_AI,,,,
_var_begin
PID_DD,,,,
_var_begin
UID_DO_h,,,,
UID_H,,,,
_var_begin
UID_DO_l,,,,
UID_L,,,,
_var_begin
UID_DI_h,,,,
_var_begin
UID_DI_l,,,,
_var_begin
UID_AO_h,,,,
_var_begin
UID_AO_l,,,,
_var_begin
UID_AI_h,,,,
_var_begin
UID_AI_l,,,,
_var_begin
UID_DD_h,,,,
_var_begin
UID_DD_l,,,,
_var_begin
Result_DOs,,,,
_var_begin
Result_DIs,,,,
_var_begin
Result_AOs,,,,
_var_begin
Result_AIs,,,,
_var_begin
Result_DDs,,,,
_var_begin
Result_Eeprom,,,,
Result_Eeprom_DO,,,,
_var_begin
Result_Eeprom_DI,,,,
_var_begin
Result_Eeprom_AO,,,,
_var_begin
Result_Eeprom_AI,,,,
_var_begin
Result_Eeprom_DD,,,,
_var_begin
Result_Ecat,,,,
Result_Ecat_DO,,,,
_var_begin
Result_Ecat_DI,,,,
_var_begin
Result_Ecat_AO,,,,
_var_begin
Result_Ecat_AI,,,,
_var_begin
Result_Ecat_DD,,,,
_var_begin
Result_LEDs_DO,,,,
_var_begin
Result_LEDs_DI,,,,
_var_begin
Result_LEDs_AO,,,,
_var_begin
Result_LEDs_AI,,,,
_var_begin
Result_LEDs_DD,,,,
_var_begin
Result_DIs,,,,
Result_DIs_2ms,,,,
Result_DIs_3ms,,,,
_var_begin
Result_DIs_4ms,,,,
_var_begin
Result_DO_ShortCut,,,,
Result_DOs_ShortCut,,,,
_var_begin
Result_DOs,,,,
Result_DOs_Carry,,,,
_var_begin
Result_AOs_Cal,,,,
_var_begin
Result_AIs_Cal,,,,
_var_begin
Result_AOs,,,,
Result_AOs_Test,,,,
_var_begin
Result_AIs,,,,
Result_AIs_Test,,,,
_var_begin
Result_ADC,,,,
Result_ADC_AO,,,,
_var_begin
Result_ADC_AI,,,,
_var_begin
bDDTestRecord,,,,
xDDTestRecord,,,,
_var_begin
iYear,,,,
_var_begin
iMonth,,,,
_var_begin
iDay,,,,
_var_begin
iWeek,,,,
_var_begin
iHour,,,,
_var_begin
iMinute,,,,
_var_begin
iSecond,,,,
_var_begin
iMs,,,,
_var_begin
ESI_RD_EN,,,,
_var_begin
ESI_RD_RET,,,,
_var_begin
TPR6_En,,,,
_var_begin
TPR6_PT,,,,
_var_begin
TPR6_Rst,,,,
_var_begin
TPR6_Q,,,,
_var_begin
TPR6_ET,,,,
_var_begin
i_ddi,,,,
_var_begin
i_ddi_cp,,,,
_var_begin
SerialNo,,,,
_var_begin
bSN_Input_Rq,,,,
_var_begin
xRelay,,,,
xRelay0,,,,
xRelay1,,,,
_var_begin
j,,,,
_var_begin
TPR7_En,,,,
_var_begin
TPR7_PT,,,,
_var_begin
TPR7_Rst,,,,
_var_begin
TPR7_Q,,,,
_var_begin
TPR7_ET,,,,
_var_begin
TPR8_En,,,,
_var_begin
TPR8_PT,,,,
_var_begin
TPR8_Rst,,,,
_var_begin
TPR8_Q,,,,
_var_begin
TPR8_ET,,,,
_var_begin
xPower_3p3V,,,,
_var_begin
var_1,,,,
xPower_24V,,,,
_var_begin
var_1,,,,
xPower_24V,,,,
xPower_48V,,,,
_var_begin
var_1,,,,
xECAT_Ctrl,,,,
_var_begin
var_2,,,,
xBeep,,,,
_var_begin
var_1,,,,
xPower_MD,,,,
_var_begin
var_1,,,,
xRelay,,,,
_var_begin
bESI_WrSuccess,,,,
_var_begin
bESI_RdSuccess,,,,
_var_begin
TPR9_En,,,,
_var_begin
TPR9_PT,,,,
_var_begin
TPR9_Rst,,,,
_var_begin
TPR9_Q,,,,
_var_begin
TPR9_ET,,,,
_var_begin
TPR10_En,,,,
_var_begin
TPR10_PT,,,,
_var_begin
TPR10_Rst,,,,
_var_begin
TPR10_Q,,,,
_var_begin
TPR10_ET,,,,
_var_begin
iFrac,,,,
_var_begin
diDOutputTime,,,,
_var_begin
iDIFailTimes,,,,
_var_begin
xDI_GL20_A,,,,
xDI_GL20_A[0],,,,
xDI_GL20_A[10],,,,
xDI_GL20_A[11],,,,
xDI_GL20_A[12],,,,
xDI_GL20_A[13],,,,
xDI_GL20_A[14],,,,
xDI_GL20_A[15],,,,
xDI_GL20_A[1],,,,
xDI_GL20_A[2],,,,
xDI_GL20_A[3],,,,
xDI_GL20_A[4],,,,
xDI_GL20_A[5],,,,
xDI_GL20_A[6],,,,
xDI_GL20_A[7],,,,
xDI_GL20_A[8],,,,
xDI_GL20_A[9],,,,
_var_begin
iPageCur,,,,
_var_begin
xDebugMode,,,,
_var_begin
fADCVal,,,,
fADCVal[0],,,,
fADCVal[1],,,,
fADCVal[2],,,,
fADCVal[3],,,,
fADCVal[4],,,,
fADCVal[5],,,,
fADCVal[6],,,,
fADCVal[7],,,,
fAORefVal,,,,
fAORefVal[0],,,,
fAORefVal[1],,,,
fAORefVal[2],,,,
fAORefVal[3],,,,
fAORefVal[4],,,,
fAORefVal[5],,,,
fAORefVal[6],,,,
fAORefVal[7],,,,
fRefVal,,,,
fRefVal[0],,,,
fRefVal[1],,,,
fRefVal[2],,,,
fRefVal[3],,,,
fRefVal[4],,,,
fRefVal[5],,,,
fRefVal[6],,,,
fRefVal[7],,,,
_var_begin
iMode,,,,
_var_begin
DO_LEVEL0_EN,,,,
DO_LEVEL_EN,,,,
_var_begin
DO_LEVEL0_RET,,,,
DO_LEVEL_RET,,,,
_var_begin
DO_LEVEL1_EN,,,,
var_1,,,,
_var_begin
DO_LEVEL1_RET,,,,
_var_begin
DO_PWM1_EN,,,,
_var_begin
DO_PWM1_RET,,,,
_var_begin
DO_PWM2_EN,,,,
_var_begin
DO_PWM2_RET,,,,
_var_begin
xDI_P_Pio,,,,
_var_begin
xDO_P_Pio,,,,
_var_begin
fAO_Ch1,,,,
_var_begin
xAOCal_Start,,,,
_var_begin
iAOCal_Ch_Ctrl,,,,
_var_begin
iAOCal_Pnt_Ctrl,,,,
_var_begin
iAOCal_Ch_n,,,,
_var_begin
iAOCal_Pnt_n,,,,
_var_begin
xAOCal_Finish,,,,
_var_begin
xAOCal_Error,,,,
_var_begin
iAOCal_Ch_Stat,,,,
_var_begin
iAOCal_Pnt_Stat,,,,
_var_begin
fAORefVal_Ch1,,,,
_var_begin
fAORefVal_Ch1_C,,,,
fAORefVal_Ch2,,,,
_var_begin
fAORefVal_Ch1_C,,,,
fAORefVal_Ch3,,,,
_var_begin
fAORefVal_Ch1_C,,,,
fAORefVal_Ch4,,,,
_var_begin
fAORefVal_Ch1_C,,,,
fAORefVal_Ch5,,,,
_var_begin
fAORefVal_Ch1_C,,,,
fAORefVal_Ch6,,,,
_var_begin
fAORefVal_Ch1_C,,,,
fAORefVal_Ch7,,,,
_var_begin
fAORefVal_Ch1_C,,,,
fAORefVal_Ch8,,,,
_var_begin
TPR11_En,,,,
_var_begin
TPR11_PT,,,,
_var_begin
TPR11_Rst,,,,
_var_begin
TPR11_Q,,,,
_var_begin
TPR11_ET,,,,
_var_begin
TPR12_En,,,,
_var_begin
TPR12_PT,,,,
_var_begin
TPR12_Rst,,,,
_var_begin
TPR12_Q,,,,
_var_begin
TPR12_ET,,,,
_var_begin
xAICal_Start,,,,
_var_begin
iAICal_Ch_Ctrl,,,,
_var_begin
iAICal_Pnt_Ctrl,,,,
_var_begin
iAICal_Ch_n,,,,
_var_begin
iAICal_Pnt_n,,,,
_var_begin
xAICalSuccess,,,,
_var_begin
xAICalFailed,,,,
_var_begin
xAICal_Finish,,,,
_var_begin
xAICal_Error,,,,
_var_begin
iAICal_Ch_Stat,,,,
_var_begin
iAICal_Pnt_Stat,,,,
_var_begin
fAIRefVal_Ch1,,,,
fAIRefVal_Ch1[0],,,,
fAIRefVal_Ch1[1],,,,
fAIRefVal_Ch1[2],,,,
fAIRefVal_Ch1[3],,,,
fAIRefVal_Ch1[4],,,,
fAIRefVal_Ch1[5],,,,
_var_begin
fAIRefVal_Ch2,,,,
_var_begin
fAIRefVal_Ch3,,,,
_var_begin
fAIRefVal_Ch4,,,,
_var_begin
fAIRefVal_Ch5,,,,
_var_begin
fAIRefVal_Ch6,,,,
_var_begin
fAIRefVal_Ch7,,,,
_var_begin
fAIRefVal_Ch8,,,,
_var_begin
fAOCode_Aux,,,,
fAOCode_Aux[0],,,,
fAOCode_Aux[1],,,,
fAOCode_Aux[2],,,,
fAOCode_Aux[3],,,,
fAOCode_Aux[4],,,,
fAOCode_Aux[5],,,,
fAOCode_Aux[6],,,,
fAOCode_Aux[7],,,,
_var_begin
iAICalPntRet,,,,
xAICalPntRet,,,,
_var_begin
iAICal_Pnt_Max,,,,
_var_begin
xAICal_Ready,,,,
_var_begin
xAOCal_Ready,,,,
_var_begin
bAICalTimeOut,,,,
_var_begin
xAOCal_End,,,,
_var_begin
fAOVal_Ch1,,,,
_var_begin
fAOVal_Ch2,,,,
_var_begin
fAOVal_Ch3,,,,
_var_begin
fAOVal_Ch4,,,,
_var_begin
fAOVal_Ch5,,,,
_var_begin
fAOVal_Ch6,,,,
_var_begin
fAOVal_Ch7,,,,
_var_begin
fAOVal_Ch8,,,,
_var_begin
iAITestRet,,,,
_var_begin
fAIVal_ch1,,,,
_var_begin
fAIVal_ch2,,,,
_var_begin
fAIVal_ch3,,,,
_var_begin
fAIVal_ch4,,,,
_var_begin
fAIVal_ch5,,,,
_var_begin
fAIVal_ch6,,,,
_var_begin
fAIVal_ch7,,,,
_var_begin
fAIVal_ch8,,,,
_var_begin
xDOTestRecord,,,,
_var_begin
xDITestRecord,,,,
_var_begin
xAOTestRecord,,,,
_var_begin
xAITestRecord,,,,
_var_begin
SDOWr1_En,,,,
_var_begin
fAITestVal,,,,
fAITestVal[0],,,,
fAITestVal[10],,,,
fAITestVal[11],,,,
fAITestVal[12],,,,
fAITestVal[13],,,,
fAITestVal[14],,,,
fAITestVal[15],,,,
fAITestVal[16],,,,
fAITestVal[17],,,,
fAITestVal[18],,,,
fAITestVal[19],,,,
fAITestVal[1],,,,
fAITestVal[20],,,,
fAITestVal[21],,,,
fAITestVal[22],,,,
fAITestVal[23],,,,
fAITestVal[24],,,,
fAITestVal[25],,,,
fAITestVal[26],,,,
fAITestVal[27],,,,
fAITestVal[28],,,,
fAITestVal[29],,,,
fAITestVal[2],,,,
fAITestVal[30],,,,
fAITestVal[31],,,,
fAITestVal[32],,,,
fAITestVal[33],,,,
fAITestVal[34],,,,
fAITestVal[35],,,,
fAITestVal[36],,,,
fAITestVal[37],,,,
fAITestVal[38],,,,
fAITestVal[39],,,,
fAITestVal[3],,,,
fAITestVal[4],,,,
fAITestVal[5],,,,
fAITestVal[6],,,,
fAITestVal[7],,,,
fAITestVal[8],,,,
fAITestVal[9],,,,
_var_begin
fAOTestVal,,,,
fAOTestVal[0],,,,
fAOTestVal[10],,,,
fAOTestVal[11],,,,
fAOTestVal[12],,,,
fAOTestVal[13],,,,
fAOTestVal[14],,,,
fAOTestVal[15],,,,
fAOTestVal[16],,,,
fAOTestVal[17],,,,
fAOTestVal[18],,,,
fAOTestVal[19],,,,
fAOTestVal[1],,,,
fAOTestVal[20],,,,
fAOTestVal[21],,,,
fAOTestVal[22],,,,
fAOTestVal[23],,,,
fAOTestVal[24],,,,
fAOTestVal[25],,,,
fAOTestVal[26],,,,
fAOTestVal[27],,,,
fAOTestVal[28],,,,
fAOTestVal[29],,,,
fAOTestVal[2],,,,
fAOTestVal[30],,,,
fAOTestVal[31],,,,
fAOTestVal[32],,,,
fAOTestVal[33],,,,
fAOTestVal[34],,,,
fAOTestVal[35],,,,
fAOTestVal[36],,,,
fAOTestVal[37],,,,
fAOTestVal[38],,,,
fAOTestVal[39],,,,
fAOTestVal[3],,,,
fAOTestVal[4],,,,
fAOTestVal[5],,,,
fAOTestVal[6],,,,
fAOTestVal[7],,,,
fAOTestVal[8],,,,
fAOTestVal[9],,,,
_var_begin
fADCTestVal,,,,
fADCTestVal[0],,,,
fADCTestVal[10],,,,
fADCTestVal[11],,,,
fADCTestVal[12],,,,
fADCTestVal[13],,,,
fADCTestVal[14],,,,
fADCTestVal[15],,,,
fADCTestVal[16],,,,
fADCTestVal[17],,,,
fADCTestVal[18],,,,
fADCTestVal[19],,,,
fADCTestVal[1],,,,
fADCTestVal[20],,,,
fADCTestVal[21],,,,
fADCTestVal[22],,,,
fADCTestVal[23],,,,
fADCTestVal[24],,,,
fADCTestVal[25],,,,
fADCTestVal[26],,,,
fADCTestVal[27],,,,
fADCTestVal[28],,,,
fADCTestVal[29],,,,
fADCTestVal[2],,,,
fADCTestVal[30],,,,
fADCTestVal[31],,,,
fADCTestVal[32],,,,
fADCTestVal[33],,,,
fADCTestVal[34],,,,
fADCTestVal[35],,,,
fADCTestVal[36],,,,
fADCTestVal[37],,,,
fADCTestVal[38],,,,
fADCTestVal[39],,,,
fADCTestVal[3],,,,
fADCTestVal[4],,,,
fADCTestVal[5],,,,
fADCTestVal[6],,,,
fADCTestVal[7],,,,
fADCTestVal[8],,,,
fADCTestVal[9],,,,
fAIRefVal,,,,
fAIRefVal[0],,,,
fAIRefVal[10],,,,
fAIRefVal[11],,,,
fAIRefVal[12],,,,
fAIRefVal[13],,,,
fAIRefVal[14],,,,
fAIRefVal[15],,,,
fAIRefVal[16],,,,
fAIRefVal[17],,,,
fAIRefVal[18],,,,
fAIRefVal[19],,,,
fAIRefVal[1],,,,
fAIRefVal[20],,,,
fAIRefVal[21],,,,
fAIRefVal[22],,,,
fAIRefVal[23],,,,
fAIRefVal[24],,,,
fAIRefVal[25],,,,
fAIRefVal[26],,,,
fAIRefVal[27],,,,
fAIRefVal[28],,,,
fAIRefVal[29],,,,
fAIRefVal[2],,,,
fAIRefVal[30],,,,
fAIRefVal[31],,,,
fAIRefVal[32],,,,
fAIRefVal[33],,,,
fAIRefVal[34],,,,
fAIRefVal[35],,,,
fAIRefVal[36],,,,
fAIRefVal[37],,,,
fAIRefVal[38],,,,
fAIRefVal[39],,,,
fAIRefVal[3],,,,
fAIRefVal[4],,,,
fAIRefVal[5],,,,
fAIRefVal[6],,,,
fAIRefVal[7],,,,
fAIRefVal[8],,,,
fAIRefVal[9],,,,
_var_begin
fAORefVal,,,,
_var_begin
fAIMsErr,,,,
fMeasureErr,,,,
fMeasureErr[0],,,,
fMeasureErr[10],,,,
fMeasureErr[11],,,,
fMeasureErr[12],,,,
fMeasureErr[13],,,,
fMeasureErr[14],,,,
fMeasureErr[15],,,,
fMeasureErr[16],,,,
fMeasureErr[17],,,,
fMeasureErr[18],,,,
fMeasureErr[19],,,,
fMeasureErr[1],,,,
fMeasureErr[20],,,,
fMeasureErr[21],,,,
fMeasureErr[22],,,,
fMeasureErr[23],,,,
fMeasureErr[24],,,,
fMeasureErr[25],,,,
fMeasureErr[26],,,,
fMeasureErr[27],,,,
fMeasureErr[28],,,,
fMeasureErr[29],,,,
fMeasureErr[2],,,,
fMeasureErr[30],,,,
fMeasureErr[31],,,,
fMeasureErr[32],,,,
fMeasureErr[33],,,,
fMeasureErr[34],,,,
fMeasureErr[35],,,,
fMeasureErr[36],,,,
fMeasureErr[37],,,,
fMeasureErr[38],,,,
fMeasureErr[39],,,,
fMeasureErr[3],,,,
fMeasureErr[4],,,,
fMeasureErr[5],,,,
fMeasureErr[6],,,,
fMeasureErr[7],,,,
fMeasureErr[8],,,,
fMeasureErr[9],,,,
_var_begin
fAOMsErr,,,,
_var_begin
test_times,,,,
_var_begin
iDI_Valid_Times,,,,
_var_begin
diTestTimeout,,,,
_var_begin
diPassWordIn,,,,
_var_begin
diPassWordSet,,,,
_var_begin
xPassWord_CF,,,,
_var_begin
xLoginSuccess,,,,
_var_begin
xLoginFailed,,,,
_var_begin
iFailChannel,,,,
iFailedChannel,,,,
_var_begin
Result_DDs_ShortCut,,,,
_var_begin
Result_DDs_Carry,,,,
_var_begin
Result_DDs_2ms,,,,
_var_begin
Result_DDs_4ms,,,,
_var_begin
diCfgTimeout,,,,
_var_begin
DL_EN,,,,
_var_begin
DL_RET,,,,
_var_begin
iDataLogBuf,,,,
_var_begin
UID_CP_h,,,,
_var_begin
UID_CP_l,,,,
_var_begin
ESI_UD_EN,,,,
_var_begin
ESI_UD_PT,,,,
_var_begin
ESI_UD_RET,,,,
_var_begin
ESI_UD_ET,,,,
_var_begin
iRange,,,,
_var_begin
iADCState,,,,
_var_begin
TACR1_IN,,,,
_var_begin
TACR1_PT,,,,
_var_begin
TACR1_R,,,,
_var_begin
TACR1_Q,,,,
_var_begin
TACR1_ET,,,,
_var_begin
diTestTime,,,,
_var_begin
LED_DI_IN,,,,
LED_WTX_IN,,,,
xLED_WTX_IN,,,,
_var_begin
xLED_MAN_IN,,,,
_var_begin
iLED_CF_IN,,,,
xLED_CF_IN,,,,
_var_begin
diLED_CF_ET,,,,
_var_begin
iLED_CF_Mode,,,,
xLED_CF_Mode,,,,
_var_begin
diLED_MAN_Timeout,,,,
diLED_Timeout,,,,
_var_begin
iCPTestState,,,,
_var_begin
xCPTestRecord,,,,
_var_begin
xCPTestSuccess,,,,
_var_begin
xCPTestFailed,,,,
_var_begin
Result_CPs,,,,
_var_begin
Result_Eeprom_CP,,,,
_var_begin
Result_Ecat_CP,,,,
_var_begin
Result_LEDs_CP,,,,
_var_begin
Result_CP_Vol,,,,
_var_begin
iZioCPSel,,,,
_var_begin
fAIVal_Aux,,,,
fAIVal_Aux[0],,,,
fAIVal_Aux[1],,,,
fAIVal_Aux[2],,,,
fAIVal_Aux[3],,,,
fAIVal_Aux[4],,,,
fAIVal_Aux[5],,,,
fAIVal_Aux[6],,,,
fAIVal_Aux[7],,,,
_var_begin
xHide_LED_Window,,,,
_var_begin
diCPTime,,,,
_var_begin
diBarStepTime,,,,
_var_begin
diBarTemp,,,,
_var_begin
iCode,,,,
_var_begin
iCodeBit,,,,
iCodeBit[0],,,,
iCodeBit[1],,,,
iCodeBit[2],,,,
iCodeBit[3],,,,
iCodeBit[4],,,,
iCodeBit[5],,,,
iCodeBit[6],,,,
iCodeBit[7],,,,
xCodeBit,,,,
xCodeBit[0],,,,
xCodeBit[1],,,,
xCodeBit[2],,,,
xCodeBit[3],,,,
xCodeBit[4],,,,
xCodeBit[5],,,,
xCodeBit[6],,,,
xCodeBit[7],,,,
_var_begin
xCode_Temp,,,,
xCode_Temp[0],,,,
xCode_Temp[1],,,,
xCode_Temp[2],,,,
xCode_Temp[3],,,,
xCode_Temp[4],,,,
xCode_Temp[5],,,,
xCode_Temp[6],,,,
xCode_Temp[7],,,,
_var_begin
iCode_None,,,,
xCode_None,,,,
_var_begin
iCode_CP_Bare,,,,
iCode_CP_Bare[0],,,,
iCode_CP_Bare[1],,,,
iCode_CP_Bare[2],,,,
iCode_CP_Bare[3],,,,
iCode_CP_Bare[4],,,,
iCode_CP_Bare[5],,,,
iCode_CP_Bare[6],,,,
iCode_CP_Bare[7],,,,
xCode_CP_Bare,,,,
xCode_CP_Bare[0],,,,
xCode_CP_Bare[1],,,,
xCode_CP_Bare[2],,,,
xCode_CP_Bare[3],,,,
xCode_CP_Bare[4],,,,
xCode_CP_Bare[5],,,,
xCode_CP_Bare[6],,,,
xCode_CP_Bare[7],,,,
_var_begin
iCode_CP_Shell,,,,
iCode_CP_Shell[0],,,,
iCode_CP_Shell[1],,,,
iCode_CP_Shell[2],,,,
iCode_CP_Shell[3],,,,
iCode_CP_Shell[4],,,,
iCode_CP_Shell[5],,,,
iCode_CP_Shell[6],,,,
iCode_CP_Shell[7],,,,
xCode_CP_Shell,,,,
xCode_CP_Shell[0],,,,
xCode_CP_Shell[1],,,,
xCode_CP_Shell[2],,,,
xCode_CP_Shell[3],,,,
xCode_CP_Shell[4],,,,
xCode_CP_Shell[5],,,,
xCode_CP_Shell[6],,,,
xCode_CP_Shell[7],,,,
_var_begin
xBack,,,,
xWrongSet,,,,
_var_begin
xButton_Start,,,,
xTestStart,,,,
_var_begin
xButton_Stop,,,,
xTestStop,,,,
_var_begin
xLED_RUN,,,,
_var_begin
xLED_STOP,,,,
_var_begin
iCodeState,,,,
_var_begin
xGetCode,,,,
_var_begin
iZioPWItem,,,,
_var_begin
iPWTestState,,,,
_var_begin
iZioPWSel,,,,
_var_begin
xPWTestSuccess,,,,
_var_begin
xPWTestFailed,,,,
_var_begin
var_1,,,,
xPWTestRecord,,,,
_var_begin
Result_PWs,,,,
_var_begin
Result_Ecat_PW,,,,
_var_begin
Result_PW_Vol,,,,
_var_begin
diPWTime,,,,
_var_begin
fPWVolTemp,,,,
_var_begin
xHide_Result_window,,,,
_var_begin
xLimitSwitch1,,,,
_var_begin
xLimitSwitch,,,,
xLimitSwitch2,,,,
_var_begin
xLimitSwitch3,,,,
_var_begin
